Hello World!,5,[],ca5b3c999d9e56b439b8991ac393d92e5b5d527a,1712633557
ca5b3c999d9e56b439b8991ac393d92e5b5d527a,5,[],0000012297257cdc6a529efa7713c128fe4257b1,1712633557
0000012297257cdc6a529efa7713c128fe4257b1,5,[],00000020b0f71ccdc1e1863e0c09615325c90081,1712633559
00000020b0f71ccdc1e1863e0c09615325c90081,5,[],00000cc7713200071639a310a537c6d92486935c,1712633561
00000cc7713200071639a310a537c6d92486935c,5,[],000001a5e0b2ef45f03f284d296d4c9fe14a5ad5,1712633563
000001a5e0b2ef45f03f284d296d4c9fe14a5ad5,5,[],000008e1919199076dc7fa49d0b9457097eecb94,1712633565
000008e1919199076dc7fa49d0b9457097eecb94,5,[],000007bdd501170021e60bb713472f9a67083409,1712633587
000007bdd501170021e60bb713472f9a67083409,5,[],00000bfd6cb7690e6afeec2015e3b3ab2b52a56b,1712633603
00000bfd6cb7690e6afeec2015e3b3ab2b52a56b,5,[],00000ffcb1d01e4929bd7181502f942553855bd7,1712633620
00000ffcb1d01e4929bd7181502f942553855bd7,5,[],0000052f028e9e2ffd005039d066fd6457828972,1712633620
0000052f028e9e2ffd005039d066fd6457828972,5,[],00000e358ec05b6b01f10f7e76935468b22ec259,1712633622
00000e358ec05b6b01f10f7e76935468b22ec259,5,[<__main__.Transaction object at 0x0000020A4336F490>],00000a09e40f67c66e7d5df15497aa7fab5c5397,1712633640
00000a09e40f67c66e7d5df15497aa7fab5c5397,5,[],000006e3d517a4df66aa7d2a4adb7508bbb1ebd8,1712633665
000006e3d517a4df66aa7d2a4adb7508bbb1ebd8,5,[],0000050e32299c2ec1c63e94931c0e4f86992c13,1712633668
0000050e32299c2ec1c63e94931c0e4f86992c13,5,[],00000719e9e194d17662df6306c4f250fbbb69d3,1712633670
00000719e9e194d17662df6306c4f250fbbb69d3,5,[],000005e4ef963857d30d290f2d0715981bc33442,1712633672
000005e4ef963857d30d290f2d0715981bc33442,5,[],00000195eeafcbdda48eeedcad3a9d4f41ca8e19,1712633686
00000195eeafcbdda48eeedcad3a9d4f41ca8e19,5,[],0000053d6f9b7e3f14163f5dfc434db06e53e86e,1712633689
0000053d6f9b7e3f14163f5dfc434db06e53e86e,5,[],0000029ccb4e42be6a0dcc167bcfd8aa7e0cdc4c,1712633703
0000029ccb4e42be6a0dcc167bcfd8aa7e0cdc4c,5,[],00000ec7df518c4f96cda1caea59902894be3ca1,1712633706
00000ec7df518c4f96cda1caea59902894be3ca1,6,[],00000078342829940ddb7c4d88df8384e77c6ad7,1712633716
00000078342829940ddb7c4d88df8384e77c6ad7,6,[],00000081fa9210996f5915d1fc52ad05f7e95be7,1712633743
